cluster1,cluster1response,cluster1descriptor
"(960.583251953125, 921.40283203125, 3.3424739837646484, 342.2713928222656, 0.061476171016693115, 11535359, -1)",0.061476171016693115,"[  0.   1.   0.  30.  65.   1.   0.   1. 129.  32.   2.  23.  31.   1.
   2.  45. 129.  80.   9.   0.   0.   0.   2.  41.   7.  15.   4.  27.
  91.   4.   2.   6.  18.   2.   0.  37.  99.   2.   1.  10. 129.  26.
   2.  10.  21.   6.  32. 129.  42. 112.  33.  26.  26.  34.  46.  49.
   5.  47.  68.  91.  45.   1.   0.   1.  51.   2.   0.  34. 102.   0.
   0.   9. 129.  40.   9.  15.  12.   5.   4.  47.  25.  18.  32. 125.
  65.  49.  11.   8.  16.  20.  59.  35.   9.  16.   2.   2.  54.   0.
   0.  16.  69.   1.   0.  21. 129.   1.   0.   1.   4.   5.   5.  72.
  13.   0.   1.   5.  35.  92.  35.  13.  22.   6.   6.   3.  37.  72.
   9.  13.]"
"(962.3246459960938, 966.30029296875, 3.0558018684387207, 332.15301513671875, 0.06033695489168167, 5047295, -1)",0.06033695489168167,"[  0.   0.   0.  48.  39.   0.   0.   1.  82.   1.   0.  44.  37.   1.
   5.  78. 125.  20.   1.   1.   0.   0.   1. 125.  22.  11.   3.  13.
  18.   4.   3.  17.  23.   4.   2.  76.  52.   0.   1.   7. 125.  18.
   3.  14.  12.   3.  27. 125.  88.  64.  37.  20.  29.  14.  31.  83.
   5.  61. 125.  60.  24.   0.   0.   0.  58.   5.   1.  69.  46.   0.
   0.  33. 125.  55.  18.   8.   2.   3.   5.  85.  17.  25.  55. 100.
  46.  26.  13.   8.   7.   8.  71.  89.  28.   8.   1.   3.  76.   0.
   0.  18.  18.   0.   0.  80. 123.   2.   1.   1.   0.   3.   8.  86.
  16.   1.   3.  16.  31.  71.  43.  18.  16.   1.   1.  18.  53.  70.
   9.  15.]"
"(938.0025024414062, 447.0698547363281, 6.801482677459717, 351.2584533691406, 0.05339150130748749, 12780288, -1)",0.05339150130748749,"[  5.   0.   0.   3.  42.   1.   0.   2. 136.   2.   0.   2.  30.   5.
   4.  89.  65.   5.   3.  25.  97.  31.   7.  36. 100.   2.   1.   5.
  10.   2.   0.  14.  18.   3.   0.   4.  54.   1.   0.   3. 136.  47.
   7.   9.  38.   3.   1.  50.  80.  13.  10.  38. 136.  18.   3.  24.
 107.   0.   0.   1.  14.   2.   0.  41.   6.   7.   3.  12.  82.   5.
   0.   1.  87. 136.  97.  22.  43.   3.   1.   2. 113.  85. 118.  56.
  33.   0.   0.  42.  79.   1.   1.   1.   2.   0.   0.  75.   1.   0.
   0.   1.  77.  13.   1.   1.  25.  21.  15.   2.  50.  20.  17.  15.
 136.  21.  13.   0.   0.   1.   4.  76.  43.   0.   0.   0.   0.   0.
   2.  46.]"
"(964.99169921875, 956.8499755859375, 7.0024733543396, 354.46624755859375, 0.0530969500541687, 14877440, -1)",0.0530969500541687,"[  2.   0.   0.   5.  45.   1.   0.   2. 129.  10.   4.   6.  37.   7.
   4.  48.  88.  24.  30.  46.  23.  14.   4.  13. 129.   6.   3.   2.
   2.   0.   0.  11.  15.   1.   0.   7.  51.   1.   0.   3. 129.  11.
   2.   7.  30.  30.  21. 107.  79.   8.   7.  20.  50. 129.  39.  56.
 129.   2.   1.   0.   1.   3.   3.  35.  21.   4.   0.   8.  63.   0.
   0.   1. 129.  75.  18.  34.  32.   5.   2.  10.  87.  43.  41. 117.
  52.  28.   5.   9. 129.  15.   2.   2.   1.   1.   1.   9.  10.   4.
   0.   6.  67.   2.   0.   0. 129.  44.   3.  10.  33.  10.   3.   6.
  94.  10.   5.  16.  32.  49.  11.  17. 129.   3.   0.   0.   0.   1.
   1.  14.]"
"(932.4563598632812, 408.9236145019531, 3.240713596343994, 352.9699401855469, 0.052937038242816925, 9241599, -1)",0.052937038242816925,"[  7.   2.   0.  15. 102.   1.   0.   1. 135.  71.   1.   5.  24.   1.
   1.  16.  90. 111.  20.   2.   2.   0.   1.   5.  17.  22.  17.  52.
 110.   0.   0.   0.  15.   1.   1.  16. 114.   4.   2.  14. 123.  31.
   1.   2.  20.   7.  34. 135.  22.  80.  29.   5.  39.  38.  45.  44.
   4.  33.  35.  74.  71.   6.   0.   1.  48.   1.   0.  12.  95.   0.
   0.   3. 135.  14.   0.   2.  15.   5.   6.  40.  41.   6.   1.   6.
  79.  73.  58.  14.   6.   3.   1.   7.  79.  64.  35.   3.  42.   1.
   0.   8.  75.   0.   0.   0. 135.   4.   0.   1.   6.   1.   1.   7.
  67.   6.   0.   0.  11.  23.  31.  14.   6.   0.   0.   0. 128.  64.
  17.   6.]"
"(966.1207275390625, 878.4110107421875, 2.770430326461792, 125.95338439941406, 0.051502976566553116, 14615295, -1)",0.051502976566553116,"[  0.   0.   0.  10.  13.   3.   0.   0.   1.   0.   5.  83.  53.   4.
   0.   0.   8.   1.  10.  96.   5.   0.   4.  51.   3.   0.   4.   9.
   0.   0.  13. 121.   1.   0.   3.  64.  13.   1.   0.   0.  25.   6.
   5. 121. 103.   1.   1.   7. 121.  19.   7.  30.  12.   0.   9. 121.
  15.   5.   5.  47.  14.   1.  14.  96.   0.   0.  24. 121.   2.   0.
   2.  12.  14.   1.   4. 121.  20.   1.  31. 121. 121.  26.  13.  20.
   6.   1.  29. 121.  14.  16.  53.  66.  29.   0.   1.   3.  39.   3.
  13.  61.   0.   0.   6.  71.  15.   3.  12.  32.   0.   0.  17. 121.
   3.   2.  44. 121.   6.   1.  11.  33.   5.  22. 108.  91.   4.   0.
   0.   4.]"
"(966.1207275390625, 878.4110107421875, 2.770430326461792, 125.95338439941406, 0.051502976566553116, 14615295, -1)",0.051502976566553116,"[  0.   0.   0.  10.  13.   3.   0.   0.   1.   0.   5.  83.  53.   4.
   0.   0.   8.   1.  10.  96.   5.   0.   4.  51.   3.   0.   4.   9.
   0.   0.  13. 121.   1.   0.   3.  64.  13.   1.   0.   0.  25.   6.
   5. 121. 103.   1.   1.   7. 121.  19.   7.  30.  12.   0.   9. 121.
  15.   5.   5.  47.  14.   1.  14.  96.   0.   0.  24. 121.   2.   0.
   2.  12.  14.   1.   4. 121.  20.   1.  31. 121. 121.  26.  13.  20.
   6.   1.  29. 121.  14.  16.  53.  66.  29.   0.   1.   3.  39.   3.
  13.  61.   0.   0.   6.  71.  15.   3.  12.  32.   0.   0.  17. 121.
   3.   2.  44. 121.   6.   1.  11.  33.   5.  22. 108.  91.   4.   0.
   0.   4.]"
"(966.1207275390625, 878.4110107421875, 2.770430326461792, 125.95338439941406, 0.051502976566553116, 14615295, -1)",0.051502976566553116,"[  0.   0.   0.  10.  13.   3.   0.   0.   1.   0.   5.  83.  53.   4.
   0.   0.   8.   1.  10.  96.   5.   0.   4.  51.   3.   0.   4.   9.
   0.   0.  13. 121.   1.   0.   3.  64.  13.   1.   0.   0.  25.   6.
   5. 121. 103.   1.   1.   7. 121.  19.   7.  30.  12.   0.   9. 121.
  15.   5.   5.  47.  14.   1.  14.  96.   0.   0.  24. 121.   2.   0.
   2.  12.  14.   1.   4. 121.  20.   1.  31. 121. 121.  26.  13.  20.
   6.   1.  29. 121.  14.  16.  53.  66.  29.   0.   1.   3.  39.   3.
  13.  61.   0.   0.   6.  71.  15.   3.  12.  32.   0.   0.  17. 121.
   3.   2.  44. 121.   6.   1.  11.  33.   5.  22. 108.  91.   4.   0.
   0.   4.]"
"(939.4852905273438, 423.20440673828125, 2.5245859622955322, 177.4127197265625, 0.05112360790371895, 7930623, -1)",0.05112360790371895,"[ 21.  13.   3.  22.  56.  15.   4.  11. 116.  51.   5.   5.   2.   6.
  23.  66.   8.  13.  41.  19.   6.  17.  57.  13.   0.   7.  27.  29.
  58.  75.  20.   2.  35.   6.   1.   9.  70.  43.   5.  18. 141.  24.
   2.   3.   5.  25.  27. 126.  20.   8.  27.  16.  27. 141.  74.  26.
   0.   6.  28.  36.  79.  77.  46.   0.  46.   3.   0.   4.  76.  18.
   1.   4. 141.  37.   1.   3.  15.   7.   4.  25.  56.  14.   2.  17.
 106.  48.  21.   7.   1.   4.   1.   4. 141.  65.  22.   0.  30.  10.
   2.  30.  55.   0.   0.   0. 141.  48.   2.   5.  10.   0.   0.   0.
  53.  16.   2.  14.  91.   6.   1.   2.   2.   5.   2.   4. 127.  17.
   1.   3.]"
"(964.5112915039062, 853.8114013671875, 2.6339945793151855, 355.2500305175781, 0.05041729658842087, 11010815, -1)",0.05041729658842087,"[ 46.   7.   0.   3.  11.   1.   0.   8.  50.   8.   1.  23.  98.   1.
   0.   1. 160.  16.   1.   3.   8.   0.   0.   2.  65.   4.   1.   6.
   8.   1.   0.   1.  26.  23.  12.   8.   9.   2.  32.  10.  60.   7.
   6.  25. 113.  24.  25.   9. 160.  24.   1.   2.  12.   4.   6.  18.
  74.  10.   4.  10.   8.   0.   0.   0.   9.  20.  14.   3.   1.  11.
 160.  28.  15.   1.  18.  24.  22. 108. 160.  19. 160.  66.   6.   9.
   6.  23.  43.  47.  46.  61.  16.   3.   1.   0.   0.   0.  28.  63.
  56.  19.   5.  11.  20.  14.  10.   6. 100. 103.  28.  28.  16.   1.
 131.  37.  28.  24.   5.   5.   2.  20.  59.  33.   1.   0.   0.   0.
   0.   6.]"
"(965.8237915039062, 916.155517578125, 2.40232253074646, 175.5120849609375, 0.05014391988515854, 4326143, -1)",0.05014391988515854,"[  2.   3.   1.   6.  77.  27.  14.   3.   9.   7.   1.   1.   2.  13.
  72.  22.  87.  31.   8.   0.   0.   6.  37. 101.  36.  28.  45.  29.
  37.  37.  22.  48.  17.   2.   1.   6. 100.  27.   3.  13. 105.   5.
   1.   1.   4.  16.  73. 130.  29.  32.  20.   1.   3. 130. 130.  32.
   5.  29.  99.  63.  23.  83.  65.   0.  45.   4.   1.  19. 100.   4.
   0.   3. 130.  26.   2.   4.   5.   5.   9.  35.  47.  14.   4.  24.
  27.  77.  48.  10.   1.   6.   2.   9.  79. 110.  74.   1.  39.   8.
   1.  16.  94.   3.   0.   0. 130.  32.   1.   3.   5.   1.   0.   1.
  45.  11.   5.  10.  25.  17.   3.   2.   2.   5.   2.  14. 102.   8.
   4.   1.]"
"(937.005126953125, 376.1004638671875, 2.4895336627960205, 184.73329162597656, 0.04916872829198837, 6882047, -1)",0.04916872829198837,"[ 33.  30.   3.   7.  44.  14.   2.  14. 101.  77.   4.   4.   2.   4.
   9.  51.   6.   8.   5.  47.  74.  59.  14.   7.   0.   0.   0.  18.
  96.  70.   4.   0.  39.  14.   1.   3.  73.  47.   4.  18. 130.  44.
   2.   2.   4.  19.  15. 108.  20.   5.   2.  28.  63. 130.  48.  28.
   1.   0.   0.   9.  60. 130.  65.   4.  38.   5.   0.   3.  71.  30.
   2.   6. 130.  58.   0.   0.  10.  10.   3.  25.  66.  15.   0.   0.
 119.  74.  11.   9.  10.   2.   0.   0.  96.  73.  14.   4.  12.   6.
   0.   6.  69.   1.   0.   0. 130.  90.   1.   1.  11.   0.   0.   0.
  75.  38.   1.   8. 107.   6.   0.   1.  17.   2.   2.   4.  66.  21.
   1.   3.]"
"(901.3080444335938, 105.07184600830078, 87.58465576171875, 175.51756286621094, 0.049063704907894135, 13763076, -1)",0.049063704907894135,"[  0.   0.  31.  41.   5.   0.   0.   0.  38.   6.   6.  77. 118.   0.
   0.   0. 154.  48.   2.  10.  20.   0.   0.   0.  84.  52.   0.   0.
   0.   0.   0.   0.   0.   1. 154.  28.   2.   8.  39.   0.  58.   7.
  55. 124.  57.  11.  34.  12. 154.  42.   1.  14.  10.   1.   6.  28.
 108.  65.   0.   0.   0.   0.   0.   0.   0.   0.  25.   2.   0.  39.
 154.   0.  16.   1.  12.  16.   2.  47. 154.  44. 147.   6.   0.   1.
   0.   2.  63. 140.  78.  34.   0.   0.   0.   0.   0.   4.   0.   0.
   0.   0.   0.   1.   5.   0.   0.   0.   0.   0.   0.   2.  12.   2.
   2.   0.   0.   0.   0.   0.   4.   8.   7.   1.   0.   0.   0.   0.
   0.   0.]"
"(937.3260498046875, 438.12933349609375, 6.968614101409912, 1.62750244140625, 0.04731166735291481, 14484224, -1)",0.04731166735291481,"[ 23.   7.   0.   0.  47.   9.   0.   0. 132.  80.   4.   8.  24.   8.
   2.   4.  47.  24.   5.  34.  82.  23.   2.   4.  89.  11.   0.   1.
   2.   0.   0.   3.  17.   1.   0.   0.  54.  10.   0.   2. 132.  22.
   1.   2.  32.  18.   6.  52.  79.  11.   2.  13. 113.  73.   8.  20.
 132.  12.   0.   1.   5.   3.   0.   3.  12.   2.   0.   0.  42.  11.
   0.   1. 132.  91.  11.   4.  36.   9.   1.  10.  89.  35.  25.  34.
 132.  36.   2.   7. 126.   1.   1.   2.  12.   3.   0.  16.   2.   1.
   1.   1.  37.   9.   0.   2.  35. 113.  68.  11.  54.  13.   1.   1.
  95.  86. 132.  39.  17.   0.   1.   9. 107.   7.   3.   2.   2.   0.
   0.  39.]"
"(969.3077392578125, 971.2741088867188, 2.2191507816314697, 114.18417358398438, 0.04728478193283081, 15335935, -1)",0.04728478193283081,"[  2.   6.  57. 104.   3.   0.   0.   0.  14.  15.  58.  61.   3.   1.
  12.  15.   1.   0.   6.  32.   7.   5.  74.  79.   1.   1.   4.   2.
   0.   0.  86. 118.  36.  13.  31.  91.  35.  28.   9.   7. 118.  34.
  15.   8.   3.   7.  42. 118.  16.   5.   9.  30.   3.   1. 118. 118.
   0.   1.  42.  65.   2.   0.  37.  57.  45.   3.   3.   1.   4.  68.
  42.  39. 118. 118.  13.   3.   0.  46.  31.  31.  38.  70.  48.  83.
   6.   5.  10.  11.   0.   1.  20.  75.  23.   2.   0.   0.  52.   0.
   0.   0.  17.  56.  31.  58.  41.  30.   1.   0.   8. 118.  73.  31.
  56.  52.  29.  30.  15.  30.   5.   4.   0.   1.  35. 116.  18.   3.
   0.   0.]"
"(938.0419921875, 402.6647644042969, 2.8386337757110596, 182.4010467529297, 0.04710111394524574, 16384767, -1)",0.04710111394524574,"[ 28.  17.   2.   7.  86.   9.   0.   3.  81.  44.  13.   5.  17.  20.
   5.  14.  87.  56.  37.  11.  13.  20.   7.  10.  14.  12.  39.  97.
  89.  25.   1.   2.  23.   7.   0.   4.  90.  39.   9.  18. 127.  24.
   0.   1.   9.  33.  45. 111.  16.  21.  17.   7.  18. 123. 126.  18.
   0.   4.  26.  63.  50. 127.  45.   0.  22.   2.   0.   1.  49.  29.
   3.   5. 127.  33.   0.   0.  12.  10.   6.  24.  59.   6.   0.   0.
 100.  52.  20.   6.   0.   0.   0.   0. 127.  73.  11.   1.  12.   2.
   0.   5.  56.   3.   0.   0. 127.  33.   0.   2.  11.   1.   0.   0.
  68.  11.   0.   0.  77.  25.   0.   0.   0.   0.   0.   1. 127.  28.
   0.   0.]"
"(932.2527465820312, 343.16961669921875, 7.502349853515625, 356.8802490234375, 0.04679442569613457, 3145985, -1)",0.04679442569613457,"[  1.   0.   0.   3.  29.   2.   1.   1.  11.   0.   0.   4.  55.  16.
  48.  25. 138.   8.   0.   0.   3.   3.  41.  56. 111.  19.   0.   0.
   0.   0.   0.   2.  13.   1.   0.   7.  28.   1.   1.   2. 138.   2.
   0.   3.  15.  15.  85. 126.  92.  26.   1.   3.  51.  47. 112.  79.
 102.  59.   0.   1.   3.   1.   0.   3.  23.   3.   0.   2.  41.   1.
   0.   0. 138.  51.   2.   6.  27.   4.   2.  17.  94.  24.   5.  24.
 138.  15.   2.   8. 138.  21.   1.   1.  11.   0.   0.   2.  13.   1.
   0.   0.  34.   6.   0.   1. 138.  31.   2.   3.  19.   4.   0.  12.
  75.  12.   4.  19.  90.  17.   1.  10. 130.   0.   0.   1.   5.   1.
   0.   8.]"
"(936.528564453125, 367.1239318847656, 2.317491292953491, 157.86001586914062, 0.046549078077077866, 1704703, -1)",0.046549078077077866,"[  6.   1.   1.  55.  29.   0.   0.   1. 125.   1.   0.  13.   7.   0.
   0.  86. 125.   1.   0.  39.  42.   1.   0.  75.   6.   0.   0.  38.
  68.   8.   4.   6.  34.  14.   7.  71.  45.   1.   0.   2. 125.  49.
   8.   9.   1.   0.   0.  65.  97.  16.  16.  92.  50.   0.   0.  29.
  10.   1.   1.  39.  57.   2.   0.  21.  26.   7.   2.  23.  53.  14.
  41.  53. 125.  96.  27.   3.   1.  10.  62.  77.  19.  74. 125.  32.
   7.  17.  10.   4.   4.  26.  74.  78.  31.   2.   1.   7. 103.  31.
   6.   8.   4.   2.  16.  62.  50.  12.   9.   4.   3.  47.  95.  79.
   0.   9.  29.   7.  10. 125.  49.   1.   0.   6.  41.  54.  60.  46.
   6.   0.]"
"(959.7913818359375, 864.4557495117188, 3.132948875427246, 344.2362365722656, 0.046037908643484116, 6816767, -1)",0.046037908643484116,"[  9.  15.   9.  53.  24.   0.   1.   2.  88.  75.   8.   5.   2.   2.
  40.  38.  12.  18.  32.  16.   6.  61.  99.  10.  55.   6.  13.  12.
   8.  49.  40.  34.  39.  18.  11.  94.  51.   0.   0.   1. 119.  69.
  12.   9.   4.   3.   2.  40.  27.  20.  62.  74.  66.  13.   4.  13.
  99.  18.  37.  26.  11.   4.   1.  35.  70.   7.   2.  33.  87.   1.
   0.  24. 119.  39.  13.  17.   9.  14.   9.  77.  45.  12.  21. 108.
  66.  29.   5.  15. 119.   2.   2.   9.   6.   1.   0.  73.  91.   0.
   0.   6.  61.   2.   1.  53. 119.   0.   0.   5.  39.  22.  12. 112.
  49.   0.   0.  14. 112.  46.   6.  28. 119.   0.   0.   0.   1.   1.
   0.  54.]"
"(956.2206420898438, 917.4996948242188, 3.2805519104003906, 339.4700622558594, 0.04598292335867882, 10159103, -1)",0.04598292335867882,"[  0.   0.   1.   8.   9.   1.   1.   0.   4.   0.   0.  46.  72.   0.
   0.   3. 129.   0.   0.  15.  33.   1.   0. 127.  90.   2.   1.   1.
   1.  13.  18.  85.   0.   0.   1.  12.  35.   3.   0.   0.  31.   5.
   2.  75. 101.   1.   1.  10. 129.  51.   3.  12.  11.   0.   1.  95.
  75.  50.   4.   3.   8.   1.   3.  38.   0.   0.   0.  25.  59.   2.
   1.   0.  75.   4.   1.  48.  95.   4.   7.  80. 129.  55.   4.   6.
   9.  17.  63. 129.  17. 129.  42.  27.  19.  16.  14.   6.   0.   0.
   0.  32.  74.   0.   0.   0. 129.   8.   1.  25.  48.   0.   0.  34.
 129.  33.  17.  48.  22.  15.  13.  43.   0.  11.  42.  80.  31.  21.
   4.   0.]"
"(935.7666625976562, 360.6251525878906, 3.0352084636688232, 157.83180236816406, 0.04593885317444801, 4523007, -1)",0.04593885317444801,"[  0.   0.   0.  40.  55.   1.   1.   0.  99.  24.   5.  31.  30.   4.
   9.  27. 113.  56.  38.  18.   5.   0.   2.  22.   1.   6.  31.  51.
  45.   1.   0.   0.  12.   7.   7.  72.  41.   2.   2.   4. 113.  19.
   5.   9.  13.   7.  47. 113.  32.  28.  39.   8.   8.  75.  61.  47.
   0.   7.  58.  89.  67.  35.   2.   0.  31.   5.   4.  40.  50.   4.
   6.  57. 113.  22.  10.   7.   6.  13.  17. 113.  20.   9.  64.  69.
  36.  60.  14.  11.   0.   0.  17. 113. 113.  27.   1.   0.  99.   1.
   1.  13.  11.   1.   1.  72.  96.   0.   0.   9.  27.  21.  12. 113.
   0.   0.   7.  31. 108.  83.   3.   2.   5.   0.   5.  75. 113.  16.
   0.   3.]"
"(969.8601684570312, 984.4075317382812, 3.1261394023895264, 178.4320068359375, 0.04576408490538597, 6685695, -1)",0.04576408490538597,"[  0.   0.   4. 102.  77.   0.   0.   0.   0.   1.   0.  77. 121.   5.
  19.  17.   1.   2.   0.   3.  13.  23.  67.  30.  11.   1.   0.   4.
  16.  65.  46.   6.   2.   0.   1.  99. 121.   5.   3.   4.  35.   0.
   0.  32.  58.  15.  92. 121.   5.   0.   0.   0.  13.  98. 121.  49.
   2.   1.   0.   1.  80.  83.  26.   1.  13.   1.   0.  15. 121.   5.
   1.   3. 121.  17.   0.   3.  26.   6.  11.  42.  36.   6.   0.  12.
 103.  62.  19.  10.   1.   0.   0.   3. 121.  56.   1.   0.   9.   1.
   0.   6. 104.   9.   0.   1. 121.   9.   0.   3.  20.   3.   0.   3.
  37.   3.   0.  15.  86.  11.   0.   0.   0.   0.   0.   8. 121.  18.
   0.   0.]"
"(969.8601684570312, 984.4075317382812, 3.1261394023895264, 178.4320068359375, 0.04576408490538597, 6685695, -1)",0.04576408490538597,"[  0.   0.   4. 102.  77.   0.   0.   0.   0.   1.   0.  77. 121.   5.
  19.  17.   1.   2.   0.   3.  13.  23.  67.  30.  11.   1.   0.   4.
  16.  65.  46.   6.   2.   0.   1.  99. 121.   5.   3.   4.  35.   0.
   0.  32.  58.  15.  92. 121.   5.   0.   0.   0.  13.  98. 121.  49.
   2.   1.   0.   1.  80.  83.  26.   1.  13.   1.   0.  15. 121.   5.
   1.   3. 121.  17.   0.   3.  26.   6.  11.  42.  36.   6.   0.  12.
 103.  62.  19.  10.   1.   0.   0.   3. 121.  56.   1.   0.   9.   1.
   0.   6. 104.   9.   0.   1. 121.   9.   0.   3.  20.   3.   0.   3.
  37.   3.   0.  15.  86.  11.   0.   0.   0.   0.   0.   8. 121.  18.
   0.   0.]"
"(935.4971313476562, 354.9007568359375, 2.518181562423706, 178.3633270263672, 0.045160289853811264, 7734015, -1)",0.045160289853811264,"[ 27.  32.  10.  26.  36.   6.   3.  13. 125. 102.  10.   5.   1.   3.
  20.  64.  10.  14.  34.  60.  12.  34.  54.  11.   0.   0.  21.  68.
  65.  40.  17.   0.  37.  19.   6.  17.  72.  19.   7.  33. 136.  72.
   8.   5.   3.  11.  17. 136.  18.  11.  28.  51.  27. 110.  59.  24.
   0.   0.  18.  54.  49. 107.  44.   0.  67.   7.   1.   4.  55.   9.
   2.  12. 136.  39.   0.   0.   7.   4.   5.  42.  49.   7.   0.   6.
 103.  44.  18.   8.   0.   0.   0.   5. 130.  54.  14.   0.  56.  11.
   3.  22.  39.   1.   0.   0. 136.  26.   0.   0.   4.   1.   0.   0.
  60.   5.   0.   0.  88.  17.   0.   0.   0.   0.   0.   1. 118.  19.
   0.   0.]"
"(960.6381225585938, 871.967041015625, 3.9482147693634033, 1.300079345703125, 0.04507184401154518, 6816000, -1)",0.04507184401154518,"[ 20.  36.  11.  32.  62.   0.   0.   0.  94.  99.  10.  18.  19.   1.
   0.   1.  72.  25.   7.  42.  42.   3.   0.   1. 128.  17.   1.   0.
   0.   0.   0.   2.  36.  11.   1.   9. 128.  27.   0.   2. 128.  43.
   2.   7.  17.  21.   8.  30. 104.  14.   1.  12.  46.  69.  10.  14.
 128.  23.   0.   0.   1.   0.   0.   2.  28.   0.   0.   0. 116.  51.
   2.   5. 128.   5.   0.   0.  26.  17.   5.  28.  83.  18.   0.   0.
 121.  60.   5.   7. 128.  71.   0.   0.   5.   5.   1.   1.  13.   2.
   1.   5.  68.  21.   4.  13. 128.  11.   0.   0.   7.  10.   7.  75.
  45.   8.   0.   0.  42. 116.  19.  15.  60.  51.   0.   0.  15.  38.
   5.   2.]"
"(939.681884765625, 357.5273742675781, 2.7973639965057373, 152.20257568359375, 0.044970445334911346, 15336191, -1)",0.044970445334911346,"[  0.   0.   1.  40.  28.   0.   0.   0.   1.   0.   3.  62.  46.   1.
   1.   1.  46.   9.   4.  39.  48.  10.  46.  50. 118.  56.  29.   9.
   2.   8.  29.  37.   0.   0.   0.  66.  46.   0.   0.   0.  22.  17.
  20. 118.  48.   4.   6.  12. 118.  40.  13.  12.   5.   5.  50. 118.
  29.  17.  28.   7.   9.  96.  74.  42.   1.   0.   0.  69.  60.   0.
   0.   1.  54.   3.   2.  39.  48.   7.  26. 118. 118.  21.  13.   6.
  17.  31.  56. 118.  14.  15. 110.  28.  33.  63.   7.   5.  16.   2.
   5.  78.  25.   0.   0.  11. 118.   1.   2.   8.   4.   0.   0. 118.
  79.   0.   0.  36.  43.  21.   9.  91.   0.   0.   8.  30.  69.  82.
   3.   0.]"
"(939.681884765625, 357.5273742675781, 2.7973639965057373, 152.20257568359375, 0.044970445334911346, 15336191, -1)",0.044970445334911346,"[  0.   0.   1.  40.  28.   0.   0.   0.   1.   0.   3.  62.  46.   1.
   1.   1.  46.   9.   4.  39.  48.  10.  46.  50. 118.  56.  29.   9.
   2.   8.  29.  37.   0.   0.   0.  66.  46.   0.   0.   0.  22.  17.
  20. 118.  48.   4.   6.  12. 118.  40.  13.  12.   5.   5.  50. 118.
  29.  17.  28.   7.   9.  96.  74.  42.   1.   0.   0.  69.  60.   0.
   0.   1.  54.   3.   2.  39.  48.   7.  26. 118. 118.  21.  13.   6.
  17.  31.  56. 118.  14.  15. 110.  28.  33.  63.   7.   5.  16.   2.
   5.  78.  25.   0.   0.  11. 118.   1.   2.   8.   4.   0.   0. 118.
  79.   0.   0.  36.  43.  21.   9.  91.   0.   0.   8.  30.  69.  82.
   3.   0.]"
"(936.707275390625, 418.54998779296875, 7.477880001068115, 353.4417724609375, 0.0448836013674736, 2883841, -1)",0.0448836013674736,"[  5.   0.   0.   2.  35.   2.   0.   3. 141.  36.   5.   5.  23.   2.
   1.  28.  84.  32.  17.  76.  50.   6.   2.   9. 122.   3.   2.   7.
   7.   1.   0.  23.  16.   1.   0.   4.  49.   3.   1.   4. 141.  10.
   1.   3.  21.  16.  12.  87.  78.   7.   4.  20.  46. 112.  25.  47.
 141.   1.   1.   1.   2.   6.   4.  44.  22.   1.   0.   1.  62.   1.
   0.   2. 141.  41.   4.   7.  24.   5.   2.  26.  96.  23.   8.  54.
  73.  32.   5.  15. 139.   3.   1.   2.   3.   2.   1.  29.  24.   0.
   0.   1.  43.   3.   0.   8. 141.   5.   0.   2.  24.  10.   9.  94.
  69.   6.   1.  15.  83.  35.  11.  24. 126.   2.   0.   1.   1.   1.
   0.  20.]"
"(968.0136108398438, 960.8712768554688, 2.6836798191070557, 257.4283447265625, 0.044722165912389755, 12321535, -1)",0.044722165912389755,"[ 61.  39.  17.  19.  12.  12.  39.  53.  28.   9.  19.  40.  51.  79.
  64.  54.  13.   1.   1.   0.   2.  32. 133.  87.   0.   1.   1.   1.
   1.  58. 133.   1.  25.  88.  56.  40.  22.   1.   0.   0. 133.  47.
  52.  33.   2.   1.   2.  50.  62.  13.  28.   5.   5.  16.  17.  48.
   1.   4.  13.  11.  13.  14.  26.   1.  21.  42.  30.  28.   6.  10.
  31.  11. 133. 133.  62.   7.   1.   3.  14.  15.  21.  63. 133.  10.
   2.   4.   4.   3.   0.  46. 133.  31.   9.   3.   1.   0.   2.   1.
   0.   1.   1.  17. 128.  12.  15.  17.  10.   1.   0.  10. 124.  23.
   1.   8.  51.   4.   0.  21.  82.   1.   0.  16.  54.  15.   4.  31.
  42.   0.]"
"(968.7280883789062, 898.733154296875, 2.577585458755493, 222.35995483398438, 0.04463015869259834, 9437951, -1)",0.04463015869259834,"[ 20.  73.  62.   5.  16.  46.   2.   2.  98.  58.  64.  18.   0.   1.
   1.  27.  24.   9.  30. 110.   8.   1.   3.  29.   0.   0.   1.  73.
  37.  23.  52.  26.  14.   8.   3.   1.  32. 118.   8.   3.  48.  78.
 118.  14.  16.  59.   8.   6. 118.  54.  90.  38.   2.   2.  14.  81.
  26.  12.   1.   4.  18.  61.  62.  79.   0.   0.   0.   0.  11. 118.
   6.   0.  13.   4.   9.   4.  13. 118.  53.  13. 118. 118.  14.   1.
   3.  32.  28.  35.  23. 118.  28.   1.  11.  32.   3.   6.   0.   0.
   0.   0.   4.  41.   8.   0.   0.   0.   0.   0.   6.  96.  10.   0.
   1.  24.   8.   2.  24. 104.   3.   1.   1. 118.  23.   1.   7.  18.
   0.   0.]"
"(942.0196533203125, 456.9244079589844, 4.495450496673584, 0.524322509765625, 0.04445982351899147, 16253184, -1)",0.04445982351899147,"[148.  94.   7.   0.  20.   2.   0.   0.  54.  70.  54.  43.  92.   8.
   0.   0.  64.   4.   8.  40. 103.   9.   0.   8.  77.   1.   0.   0.
   0.   0.   0.  22.  26. 128.  49.   5.  52.  11.   1.   2.  23. 112.
 148.  67.  11.   4.   1.   3. 148.  32.  58.  51.  12.   1.   0.  55.
  57.   0.   0.   0.   0.   0.   2.  60.  22.   7.   5.   1.  76.  46.
   3.  14.  75.  13.  22.   7.  30.  42.   7.  21. 148.  32.   5.   1.
   9.   9.   1.  30.  51.   2.   0.   0.   0.   2.   6.  21.  17.   0.
   0.   0.  66.  29.   1.  13.  50.   3.   0.   0.  54.  23.   3.  19.
 148.  37.   0.   0.  24.   7.   0.   2.  64.   4.   0.   0.   1.   4.
   3.   4.]"
"(955.8069458007812, 877.129150390625, 3.9201931953430176, 3.956939697265625, 0.04445909708738327, 6357248, -1)",0.04445909708738327,"[  0.   0.   0.   3. 100.  15.   0.   0.  82.  34.   3.  10. 109.  28.
   0.   2. 134.  44.   3.   8.  19.  31.  10.  22.  97.  18.   0.   6.
  25.  41.   6.   5.   0.   1.   1.   1.  73.  29.   0.   0.  94.   5.
   0.   0. 134.  81.   3.   7. 134.  20.   0.   0.  35.  26.   6.  21.
  68.  30.   0.   0.  93.  57.   4.   3.   1.   2.   0.   1.  45.  11.
   0.   1.  46.   4.   1.   4. 114.  56.  11.  33. 134.  20.   0.   0.
  10.  19.  12.  90.  38.  14.   0.   0.  45. 134.  27.  11.   1.   1.
   0.   2.  39.   3.   1.   2.  37.  22.   5.  16. 101.   4.   0.   4.
 134.  83.   2.   1.   2.   1.   1.  10.  53.  19.   0.   0.  61.  37.
   2.   3.]"
"(935.0842895507812, 392.37750244140625, 7.475059509277344, 0.454345703125, 0.04423366114497185, 2883841, -1)",0.04423366114497185,"[ 29.  13.   1.   2.  53.   4.   0.   1. 138. 107.   7.   9.  21.   7.
   1.  13.  63.  29.   6.  32.  49.  18.   1.   6. 113.  11.   0.   0.
   0.   0.   0.   4.  29.   2.   0.   0.  60.  14.   0.  10. 138.  24.
   1.   2.  24.  19.  12. 107.  87.  17.   1.  10.  81.  61.  13.  21.
 138.  22.   0.   0.   1.   1.   0.   1.  33.   5.   0.   0.  46.  14.
   0.   2. 138.  91.   7.  11.  28.   8.   3.  17.  85.  30.  11.  57.
 113.  22.   3.   5. 138.   7.   1.   2.   3.   1.   0.   8.  14.   2.
   0.   0.  39.   5.   0.   4. 138.  34.   5.   7.  16.  11.   8.  42.
  68.  17.   8.  38.  24.  57.  16.  19. 138.   6.   1.   1.   0.   2.
   2.  10.]"
"(938.7156372070312, 413.95843505859375, 2.3565306663513184, 160.80734252929688, 0.04418879747390747, 2949887, -1)",0.04418879747390747,"[ 16.   4.   3.  62.  26.   0.   0.   3. 126.   3.   1.   8.   3.   0.
   0.  76. 106.   3.   1.  47.  46.   1.   0.  29.   4.   6.   1.  32.
  51.  11.   4.   0.  69.  19.   5.  66.  37.   0.   0.   5. 126.  52.
   8.   5.   3.   0.   0.  63.  59.  16.  17.  43.  69.   5.   3.  14.
   5.   4.   2.  35.  89.   4.   5.   4.  72.  14.   3.  32.  41.   2.
   1.  37. 126. 126.  73.   6.   9.   3.   2.  30.  40. 126. 122.  13.
  11.   2.   2.   9.   8.  21.   7.  66. 121.   3.   3.   3. 107.   9.
   3.  15.  16.   3.   4.  37.  53.  10.  11.   8.  48.  13.   6.  31.
 114.  49.  19.   5.  10.   3.   3.  80.  14.   8.   9.  49. 126.   8.
   2.  14.]"
"(958.37890625, 858.1234741210938, 3.054621696472168, 81.913818359375, 0.04396313801407814, 4981759, -1)",0.04396313801407814,"[  2.  12. 127.   6.   1.  13.  34.   4.  71.  57. 127.  10.   3.   8.
  14.  53.  16.  14.  86.  30.  50.  51.  15.  17.   0.  26. 127.   8.
   6.  21.  23.   1.   9.   7.  30.   8.   3.  19.  42.   6. 127.  19.
   7.   9.   8.  12.  15.  77.  44.  11.  23.  38.  84.  84.  35.  31.
   3.   9.  37.  20.  17.  86.  84.  18.  11.  16.  40.   4.   0.  12.
  21.   1. 118. 103.  54.  37.   3.   3.   7.   4.  13.  28. 127. 127.
  22.   9.   2.   2.   2.  18. 127.  81.   9.  10.   4.   2.   1.   1.
   0.   0.   0.  27.  56.   1.   5.  12.  11.   9.   3.  26.  60.   3.
   0.   1.  18.  35.  17.  82.  57.   0.   0.   0.  29.  18.   5.  64.
  89.   0.]"
"(959.72705078125, 914.7867431640625, 2.7060158252716064, 345.2196044921875, 0.04368972033262253, 12911359, -1)",0.04368972033262253,"[  4.   0.   0.  22.  73.   0.   0.   3. 127.   0.   0.   4.  29.   0.
   1.  90. 118.   6.   3.   0.   1.   7.  18.  63.   6.   5.   3.   4.
  26.  50.  36.   2.  22.   5.   2.  40.  83.   0.   0.   3. 127.  42.
   3.   7.  12.   0.   1.  74.  98.  29.  12.   1.   4.   9.   4.  42.
  18.   7.   1.  14.  80.   5.   3.  13.  22.   6.   1.  34.  91.   5.
   6.  33. 127. 105.  12.   4.   5.   5.  44. 121.  34. 127.  69.   1.
   2.  19.  31.  14.   9.  67.  37.  51.  80.   3.   2.   8.  80.  12.
   1.  18.  49.   1.   2.  27. 127.  39.   8.   8.   3.  11.  52. 112.
   4.  33.  21.  57.  51.  57.  45.   9.   0.  33.  56.  44.  17.   4.
   0.   0.]"
"(963.6279907226562, 947.1993408203125, 2.4894113540649414, 105.73507690429688, 0.04364534094929695, 6882047, -1)",0.04364534094929695,"[  4.   2.  10.  13.  18. 107.  23.   8.  12.   2.   4.   6.  17.  33.
  37.  30. 113.  10.   1.   1.   3.   6.  30.  97.  63.  19.   2.   0.
   0.   0.  37.  55.   4.   3.   9.   6.  78. 112.  13.   7.  59.   8.
   1.   1.  27.  40.  62. 104.  88.  34.   4.  11.  21.  19.  78.  62.
  83.  74.  31.   9.   1.   0.   0.   4.  23.  29.  35.  39.  64.  21.
   0.   2.  63. 104.  50.  49.  51.  13.   2.  12.  16.  61.  85. 113.
  30.   5.   3.   4.   9.  56. 113.  78.   2.   0.   1.   0.   2.  13.
 113.  85.   5.   0.   3.   1.   3.  63.  99.  80.   6.   0.  10.   9.
   3.  39.  95.  71.   1.   0.  16.  16.   0.   0.  46.  45.   1.   1.
  44.  23.]"
"(963.6279907226562, 947.1993408203125, 2.4894113540649414, 105.73507690429688, 0.04364534094929695, 6882047, -1)",0.04364534094929695,"[  4.   2.  10.  13.  18. 107.  23.   8.  12.   2.   4.   6.  17.  33.
  37.  30. 113.  10.   1.   1.   3.   6.  30.  97.  63.  19.   2.   0.
   0.   0.  37.  55.   4.   3.   9.   6.  78. 112.  13.   7.  59.   8.
   1.   1.  27.  40.  62. 104.  88.  34.   4.  11.  21.  19.  78.  62.
  83.  74.  31.   9.   1.   0.   0.   4.  23.  29.  35.  39.  64.  21.
   0.   2.  63. 104.  50.  49.  51.  13.   2.  12.  16.  61.  85. 113.
  30.   5.   3.   4.   9.  56. 113.  78.   2.   0.   1.   0.   2.  13.
 113.  85.   5.   0.   3.   1.   3.  63.  99.  80.   6.   0.  10.   9.
   3.  39.  95.  71.   1.   0.  16.  16.   0.   0.  46.  45.   1.   1.
  44.  23.]"
"(867.0440063476562, 67.45047760009766, 35.61956024169922, 183.27655029296875, 0.04359130188822746, 15532291, -1)",0.04359130188822746,"[  0.   1.  26.  64.  95.   2.   0.   0. 150.  35.   0.   9.  22.   0.
   0.   0. 176.  67.   1.   1.   0.   0.   0.   0.  12.   6.   1.   9.
   5.   0.   0.   0.   0.   0.  28.  38.   6.   2.  99.   4. 125.  15.
   0.   4.   2.   1. 107.  37. 176.  48.   0.   0.   0.   0.  12.  51.
  27.   6.   1.   7.   8.   0.   0.   1.   0.   0.   0.   0.   0.   2.
 176.  18.  14.   0.   0.   0.   0.   3. 176.  66.  94.   1.   0.   0.
   1.   1.  98. 146.  11.   1.   0.   5.   9.   0.   0.   5.   0.   0.
   0.   0.   0.   2.  46.   1.   0.   0.   0.   0.   0.   3.  43.   1.
   0.   0.   0.   0.   0.   1.  14.   5.   0.   0.   0.   0.   2.   0.
   0.   0.]"
"(867.0440063476562, 67.45047760009766, 35.61956024169922, 183.27655029296875, 0.04359130188822746, 15532291, -1)",0.04359130188822746,"[  0.   1.  26.  64.  95.   2.   0.   0. 150.  35.   0.   9.  22.   0.
   0.   0. 176.  67.   1.   1.   0.   0.   0.   0.  12.   6.   1.   9.
   5.   0.   0.   0.   0.   0.  28.  38.   6.   2.  99.   4. 125.  15.
   0.   4.   2.   1. 107.  37. 176.  48.   0.   0.   0.   0.  12.  51.
  27.   6.   1.   7.   8.   0.   0.   1.   0.   0.   0.   0.   0.   2.
 176.  18.  14.   0.   0.   0.   0.   3. 176.  66.  94.   1.   0.   0.
   1.   1.  98. 146.  11.   1.   0.   5.   9.   0.   0.   5.   0.   0.
   0.   0.   0.   2.  46.   1.   0.   0.   0.   0.   0.   3.  43.   1.
   0.   0.   0.   0.   0.   1.  14.   5.   0.   0.   0.   0.   2.   0.
   0.   0.]"
"(960.8206787109375, 875.5482788085938, 3.894026279449463, 2.19464111328125, 0.0434880256652832, 5832960, -1)",0.0434880256652832,"[ 33.  21.   3.  14.  95.  12.   0.   1. 130.  61.   4.  10.  16.  14.
   5.  15.  88.  17.   1.  16.  34.  40.   6.   7. 130.  20.   0.   0.
   0.   0.   0.   1.  42.   1.   0.   0. 116.  53.   1.   4. 130.   9.
   0.   0.  23.  20.   6.  23.  88.  17.   0.   0. 106.  61.   6.   8.
 130.  57.   0.   0.   4.   1.   0.   0.  19.   1.   0.   2.  96.  42.
   7.  16. 130.   7.   0.   0.  15.  16.   9.  81.  60.  13.   0.   0.
  72. 130.  21.  15.  83.  88.   0.   0.   9.  37.   6.   2.  20.  10.
   3.  13.  68.   4.   1.   5. 130.  55.   2.   2.   3.   1.   2.  27.
  61.  20.   0.   0.  56.  56.   8.   7.  47.  13.   0.   0.  55.  37.
   2.   2.]"
"(939.1549682617188, 433.9963073730469, 2.399249792098999, 161.92449951171875, 0.04294465482234955, 4260607, -1)",0.04294465482234955,"[ 24.   1.   1.  21.  45.   1.   0.  10. 134.   1.   0.   1.   2.   0.
   0.  96.  82.   0.   0.  15.  41.   0.   0.  35.   0.   0.   0.  34.
  90.   1.   0.   0.  72.  21.  11.  49.  35.   3.   2.   8. 134.  48.
   9.   1.   2.   0.   0.  53.  52.  12.  29.  22.  50.   5.   0.  15.
   0.   0.   5.  63. 134.   3.   0.   0.  52.   8.   2.  10.  31.  16.
  46.  82. 127.  97.  46.   1.   0.  15.  50.  54.   8.  43. 134.  40.
  11.  13.  15.   0.   0.   0.  78. 134.  66.   5.   0.   0. 108.  15.
   3.   6.   3.   2.  11.  54.  28.  14.  25.   9.   6.  29.  47.  21.
   1.  15.  31.  16.  30.  64.  43.   1.   0.   0.  14.  66. 128.  66.
   1.   0.]"
"(943.3731689453125, 432.2035827636719, 2.524444580078125, 159.70864868164062, 0.04288141801953316, 7930623, -1)",0.04288141801953316,"[  0.   0.   0.  37.  42.   0.   0.   0.   3.   1.   1.  61.  69.   0.
   0.   1. 124.   3.   1.  11.  22.   0.   0.  77. 124.   0.   0.   7.
  14.   0.   0.  81.   0.   0.   0.  28.  83.   1.   0.   0.  15.  10.
   9.  91. 111.   8.   6.   6. 124.  51.  10.  17.   6.   2.   5.  56.
 124.  32.  33.  12.  23.   1.   0.  37.   0.   0.   1.  45.  76.   3.
   0.   0.  42.   8.   4.  37.  86.  24.  35.  58. 124.  50.  12.   1.
   3.  20.  92. 122.  27.  71. 124.  11.   5.  21.  28.   2.   0.   0.
   1.  37.  83.   6.   1.   2. 112.  13.   4.  22.  23.   6.   8.  86.
  86.  15.  22.  10.   9.  31.  34.  54.   1.  23.  32.  11.  14.  41.
  36.   1.]"
"(964.3531494140625, 882.1177978515625, 2.7596449851989746, 125.31185913085938, 0.04268725961446762, 14353151, -1)",0.04268725961446762,"[  0.   0.   4.  51.  30.   3.   0.   0.   3.   0.  13. 114.   5.   0.
   2.  23.   3.   0.  10.  21.   0.   0.  13. 115.   2.   1.   7.  14.
   0.   0.  12. 115.   9.   3.   4. 115.  82.   1.   0.   1. 115.  12.
   8.  48.  17.   0.  10. 114.  18.   3.   5.  37.   8.   1.  25. 115.
   0.   0.  17. 105.   2.   0.   3.  23.   9.   1.   5. 115.  24.   1.
  18.  73. 115.  27.   8.  14.   6.   1.  24. 115.  32.  21.  40.  73.
  34.   1.   2.  12.   0.   0.  10. 115.  26.   0.   0.   0.   8.   1.
   5.  17.   0.   0.  18. 115.   6.   3.  31. 115.   7.   2.  19.  59.
   3.  22. 115. 107.   7.   0.   1.   2.   1.   8.  33.  98.  21.   2.
   6.   4.]"
"(964.3531494140625, 882.1177978515625, 2.7596449851989746, 125.31185913085938, 0.04268725961446762, 14353151, -1)",0.04268725961446762,"[  0.   0.   4.  51.  30.   3.   0.   0.   3.   0.  13. 114.   5.   0.
   2.  23.   3.   0.  10.  21.   0.   0.  13. 115.   2.   1.   7.  14.
   0.   0.  12. 115.   9.   3.   4. 115.  82.   1.   0.   1. 115.  12.
   8.  48.  17.   0.  10. 114.  18.   3.   5.  37.   8.   1.  25. 115.
   0.   0.  17. 105.   2.   0.   3.  23.   9.   1.   5. 115.  24.   1.
  18.  73. 115.  27.   8.  14.   6.   1.  24. 115.  32.  21.  40.  73.
  34.   1.   2.  12.   0.   0.  10. 115.  26.   0.   0.   0.   8.   1.
   5.  17.   0.   0.  18. 115.   6.   3.  31. 115.   7.   2.  19.  59.
   3.  22. 115. 107.   7.   0.   1.   2.   1.   8.  33.  98.  21.   2.
   6.   4.]"
"(931.5791625976562, 405.3121643066406, 1.8117506504058838, 63.0748291015625, 0.04267120733857155, 655871, -1)",0.04267120733857155,"[  0.  17.  21.   3.   1.   6.   3.   0.   0.  14.  28.  90.  14.   1.
   2.   1.   3.   2.  34. 122.  17.   1.  12.  19.   1.  16.  32.  14.
   2.  17.  35.  16.   0.  95. 122.  23.   0.   0.   0.   0.  17.  12.
 115. 122.   6.   0.   0.   1. 122.  14.  19.  46.   6.   1.  18.  92.
  22.   1.   1.   1.   3.  86.  75.  55.   0.  59. 118.  18.   1.  11.
   6.   0.  86.  36. 103.  62.   0.   2.   1.   2. 122. 120.  27.   2.
   0.   0.   0.  21.  29.  48.  84.  10.   4.  16.   4.   8.   0.   1.
   3.   1.   1.  72.  44.   0.  28.  25.   4.   2.   1.  32.  48.   5.
  28. 122.  69.   0.   0.   9.   7.   1.   0.  85. 122.   1.   0.   0.
   1.   0.]"
"(939.697265625, 364.8742980957031, 2.668452262878418, 151.5428924560547, 0.04263073578476906, 11928319, -1)",0.04263073578476906,"[  0.   0.   2.  44.  14.   0.   0.   0.   3.   1.   2.  90.  24.   0.
   0.   1. 117.   1.   1.  35.  10.   0.   0.  99. 103.   0.   0.  32.
  28.   1.   1. 109.   0.   0.   0.  50.  44.   0.   0.   0.  34.  10.
   8. 106.  65.   4.   6.   7. 120.  41.  13.  20.   3.   0.   3.  97.
  69.  12.  15.  85.  29.   1.   0.  40.   2.   3.   9.  80.  30.   1.
   0.   1.  51.  10.   6.  34.  46.  13.  71.  89. 120.  61.  32.   5.
   2.  39. 105.  82.  11.  69.  94.  25.   6.  28.   6.   4.  10.   9.
   9.  68.  39.   4.   8.  16. 120.  37.  10.   9.   3.   2.  22.  99.
  49.  16.  43.  12.  11.  70.  52.  37.   0.   9.  32.  19.  37. 101.
  12.   0.]"
"(958.406494140625, 962.1231689453125, 3.5219860076904297, 348.82257080078125, 0.042163364589214325, 15270911, -1)",0.042163364589214325,"[  1.   1.   1.   5.  13.   2.   1.   1.  31.   1.   1.  36.  87.   1.
   0.   5. 141.   1.   0.   7.  13.   0.  10. 102.  32.   1.   0.   3.
  19.  46.  63.  35.   1.   1.   1.   9.  28.   1.   0.   0.  72.   5.
   1.  37. 133.   1.   0.  10. 141.  48.   4.   4.   9.   0.   0.  52.
  49.  25.  23.  13.  52.   5.   5.   9.   0.   0.   0.  11.  45.   1.
   1.   1.  83.  14.   1.  27. 115.   3.   2.  52. 141.  71.  20.  10.
  16.  11.  16. 141.   9.  33. 123.  75.  48.   8.   4.   3.   0.   0.
   0.  11.  56.   0.   0.   0.  92.  36.   2.  30.  88.   0.   0.   9.
 141.  88.  24.  23.  11.   6.  10.  27.   2.   2.  12.  53.  50.  41.
  27.   4.]"
"(964.6649169921875, 867.1815185546875, 3.3931033611297607, 357.63671875, 0.041528020054101944, 12583935, -1)",0.041528020054101944,"[ 63.  97.  15.   7.   2.   1.  16.  19.  13.  18.  45.  70.  29.  22.
  37.   7. 120.  40.  21.  25.   8.   6.   7.  10.  52.  31.   2.   0.
   0.   0.   0.   3. 137.  92.   9.  12.   9.   3.   2.   9.  50.  28.
  16.  83.  90.  28.   4.   7. 137.  18.   4.  16.  19.   3.   0.  15.
  78.   5.   0.   0.   0.   0.   0.  11. 137.  22.   2.   3.  14.   9.
   7.  42.  69.   8.   4.  21.  84. 107.  20.  28. 137.  10.   1.   3.
  24.  22.   2.   8.  76.   9.   0.   0.   0.   0.   0.   1. 137.   2.
   0.   0.  18.   6.   2.  18.  79.   4.   0.   3. 137.  26.   2.  10.
 137.  38.   0.   2.  53.   7.   0.   1.  49.  21.   0.   0.   0.   0.
   0.   0.]"
"(962.5276489257812, 857.9122314453125, 2.7614049911499023, 96.57437133789062, 0.04145381972193718, 14418687, -1)",0.04145381972193718,"[  0.   1.  87.  50.   6.   3.   4.   0.   1.   4.  75. 115.  12.   3.
   1.   1.   0.   3. 121.  41.   6.   4.   1.   0.   0.   2. 121.  34.
   1.   1.   1.   0.  13.  12. 121.  82.   0.   1.  28.  12. 121.  36.
  84.  38.  10.  32.  18.  40.  13.   1.  52.  24.  55. 121.  34.  30.
   2.   1.  54.  20.   4.  53.  84.  42.  13.   3.  10.   8.   8.  10.
  72.  19. 121.  48.   2.   5.  13.  15.  11.  24.  52.  18.  15.  39.
  86.  85.  14.  23.  17.  16.  66.  53.  18.  34.  29.  35.   2.   4.
  38.  18.   5.   2.   4.   1.  82.  90.  24.  21.   5.   1.   1.   1.
  17.  33.  49. 121.  48.   5.   2.   0.   0.   5.  99.  89.  12.  10.
  10.   0.]"
"(962.5276489257812, 857.9122314453125, 2.7614049911499023, 96.57437133789062, 0.04145381972193718, 14418687, -1)",0.04145381972193718,"[  0.   1.  87.  50.   6.   3.   4.   0.   1.   4.  75. 115.  12.   3.
   1.   1.   0.   3. 121.  41.   6.   4.   1.   0.   0.   2. 121.  34.
   1.   1.   1.   0.  13.  12. 121.  82.   0.   1.  28.  12. 121.  36.
  84.  38.  10.  32.  18.  40.  13.   1.  52.  24.  55. 121.  34.  30.
   2.   1.  54.  20.   4.  53.  84.  42.  13.   3.  10.   8.   8.  10.
  72.  19. 121.  48.   2.   5.  13.  15.  11.  24.  52.  18.  15.  39.
  86.  85.  14.  23.  17.  16.  66.  53.  18.  34.  29.  35.   2.   4.
  38.  18.   5.   2.   4.   1.  82.  90.  24.  21.   5.   1.   1.   1.
  17.  33.  49. 121.  48.   5.   2.   0.   0.   5.  99.  89.  12.  10.
  10.   0.]"
"(954.6243896484375, 868.3858032226562, 5.186586380004883, 356.2403869628906, 0.04144538193941116, 9830912, -1)",0.04144538193941116,"[  1.   1.   0.   3.  11.   2.   2.   1.  14.  16.   6.  32.  61.   2.
   3.  12.  49.  37.   6.  12.   7.  12.  62.  60. 133.  33.   4.   9.
   3.   9.  31.  25.   3.   1.   0.   5.  38.   2.   1.   1.  40.  42.
  14.  74. 133.   3.   0.   1. 133. 130.  17.  43.  17.   6.   4.  12.
 133.  33.   9.  31.   9.   6.   2.   7.   5.   3.   0.   2.  47.   3.
   0.   1.  62.   4.   1.   9. 133.  41.   1.  18. 133.  15.   1.   5.
  39.  37.  10.  84. 133.  15.   0.   3.  26.  29.   5.  15.   2.   2.
   0.   2.  26.   2.   1.   2.  47.   3.   0.   9. 123.  29.   5.  34.
 133.   4.   0.   0.  27.  45.  11. 107.  86.  32.   0.   0.  35.  67.
   6.   7.]"
"(964.979736328125, 895.7637939453125, 2.701334238052368, 175.03562927246094, 0.041295185685157776, 12845823, -1)",0.041295185685157776,"[  7.  11.   3.  19. 119.   4.   1.   5.  73.  92.  13.   5.  12.   2.
   9.  55.  12.  31.  79.   3.   0.   1.  30.  33.   2.   6.  65.  49.
  56.  14.  10.   8.   7.   5.   1.   8. 125.  37.  13.  16.  67.  55.
  10.   3.  14.  18.  67. 125.   8.  16.  61.  10.  19.  71. 105.  31.
   0.   1.  59.  66.  78.  65.  13.   0.  33.   7.   2.  24.  82.   5.
   3.   6. 125.  22.   2.   7.  14.   5.  14.  59.  27.   3.   1.  53.
 125.  31.  23.  11.   0.   0.   0.  65. 125.  22.   3.   0.  38.   5.
   1.  23.  67.   0.   0.   0. 125.  14.   1.   5.  17.   0.   0.   6.
  21.   2.   1.  28. 125.   3.   0.   1.   0.   0.   0.  18. 125.   3.
   0.   0.]"
"(964.979736328125, 895.7637939453125, 2.701334238052368, 175.03562927246094, 0.041295185685157776, 12845823, -1)",0.041295185685157776,"[  7.  11.   3.  19. 119.   4.   1.   5.  73.  92.  13.   5.  12.   2.
   9.  55.  12.  31.  79.   3.   0.   1.  30.  33.   2.   6.  65.  49.
  56.  14.  10.   8.   7.   5.   1.   8. 125.  37.  13.  16.  67.  55.
  10.   3.  14.  18.  67. 125.   8.  16.  61.  10.  19.  71. 105.  31.
   0.   1.  59.  66.  78.  65.  13.   0.  33.   7.   2.  24.  82.   5.
   3.   6. 125.  22.   2.   7.  14.   5.  14.  59.  27.   3.   1.  53.
 125.  31.  23.  11.   0.   0.   0.  65. 125.  22.   3.   0.  38.   5.
   1.  23.  67.   0.   0.   0. 125.  14.   1.   5.  17.   0.   0.   6.
  21.   2.   1.  28. 125.   3.   0.   1.   0.   0.   0.  18. 125.   3.
   0.   0.]"
"(964.7117309570312, 923.802978515625, 1.9495676755905151, 208.9432373046875, 0.04114249721169472, 5964287, -1)",0.04114249721169472,"[  6.  32.  14.  10.  47.  25.   0.   0.  11.  38.  24.  12.  23.  20.
   4.   1.   3.  14.  15.  10.  31. 121.  17.   1.   0.   1.   0.   1.
  55. 121.  21.   1.   3.  75. 121.  39.  14.   3.   0.   0.  11.  53.
 121. 109.  13.   2.   0.   1. 106.  82.  64.  14.  11.   5.  17.  47.
  18.   1.   1.   4.  20. 121. 121.  52.   3.  16. 105.  16.   3.   3.
  11.  36.  32.  14.  56.  36.   0.   1.  54.  60. 121.  90.  23.   2.
   0.   0.   9.  53.  44.  43.  82.  94.  20.  15.  13.  21.   4.   2.
   4.   1.   4.  25.  31.  67.   8.   5.  12.   2.   1.   0.  40.  48.
  23.  47.  26.   3.   1.   2.  63.  48.   2.  19.  76.  52.   1.   8.
  99.  28.]"
"(932.9276733398438, 357.450927734375, 1.8276170492172241, 65.62979125976562, 0.04100878909230232, 1245695, -1)",0.04100878909230232,"[  1.  33.  35.   0.   0.  36.  62.   0.   1.   9.  16.  24.  33. 121.
  90.   0.   3.   0.   1.  12.  57. 121.  96.  27.   2.   0.   0.   0.
   2.  37. 121.  60.   3.  52.  47.   9.   2.   0.   3.   5.   9.  27.
  77. 121.  27.   6.   1.   1. 121.  31.  26.  51.  17.  14.  32.  37.
  24.   8.   9.  28.  36.  42.  65.  26.   2.  31.  62.  64.   8.   0.
   1.   3.  62.   5.  24. 121.  40.   0.   0.   8. 121.  25.  13.  17.
   2.   0.   0.  27.  16.  12.  20. 119.  36.   0.   0.   1.   0.  39.
 121.  43.   1.   0.   0.   0.  78.  63.  47.  54.   2.   0.   0.   3.
  85.  80.  48.  18.   2.   0.   0.   7.   8.   5.  24. 104.  31.   0.
   0.   2.]"
"(932.9276733398438, 357.450927734375, 1.8276170492172241, 65.62979125976562, 0.04100878909230232, 1245695, -1)",0.04100878909230232,"[  1.  33.  35.   0.   0.  36.  62.   0.   1.   9.  16.  24.  33. 121.
  90.   0.   3.   0.   1.  12.  57. 121.  96.  27.   2.   0.   0.   0.
   2.  37. 121.  60.   3.  52.  47.   9.   2.   0.   3.   5.   9.  27.
  77. 121.  27.   6.   1.   1. 121.  31.  26.  51.  17.  14.  32.  37.
  24.   8.   9.  28.  36.  42.  65.  26.   2.  31.  62.  64.   8.   0.
   1.   3.  62.   5.  24. 121.  40.   0.   0.   8. 121.  25.  13.  17.
   2.   0.   0.  27.  16.  12.  20. 119.  36.   0.   0.   1.   0.  39.
 121.  43.   1.   0.   0.   0.  78.  63.  47.  54.   2.   0.   0.   3.
  85.  80.  48.  18.   2.   0.   0.   7.   8.   5.  24. 104.  31.   0.
   0.   2.]"
"(928.32861328125, 404.90838623046875, 4.205318450927734, 346.3258972167969, 0.04099579155445099, 11403520, -1)",0.04099579155445099,"[  3.   0.   0.   0.   3.   1.   1.   4.  15.   0.   0.  12. 113.   3.
   0.   5. 136.   0.   0.   5.  33.   0.   0.  65. 124.   0.   0.  12.
  45.   1.   1.  31.   6.   1.   0.   4.  10.   0.   0.   6.  34.   3.
   0.  46. 136.   1.   1.  11. 136.  62.   1.   8.  21.   0.   1.  53.
  97.  52.  17.  48.  63.   0.   0.   8.   2.   3.   2.  14.  21.   1.
   1.   0.  60.   1.   1.  40. 106.   4.   3.  62. 136.  38.   3.   2.
  21.  21.  35. 136.  12.  50.  49.  73.  46.  18.   7.   5.   0.   0.
   0.  13.  40.   2.   2.   0. 136.   0.   0.  21.  58.   0.   0.  29.
 136.   0.   0.   0.  15.  39.  21.  67.   3.   0.   1.   5.  80. 100.
  19.   5.]"
"(930.76611328125, 124.46595764160156, 5.123802661895752, 82.32449340820312, 0.040628962218761444, 8978944, -1)",0.040628962218761444,"[  6.   0.   0.  21. 100.   0.   0.   1. 150.   0.   0.   9.  43.   0.
   0.  42. 134.   0.   0.   0.   1.   1.   0.  27.   4.   1.   0.   0.
   0.   1.   0.   1.  13.   1.   0.  31. 132.   0.   0.   1. 150.  34.
   4.   8.  36.   0.   0.  30. 127.  31.  49.   1.   1.   2.   0.  13.
   2.   9.  36.   0.   1.   1.   0.   2.   7.   3.   0.  23. 136.  10.
   5.   1. 112. 141.  53.   5.  23.   6.  23.   6.  21. 102. 150.   0.
   0.   1.  16.   0.   0.  47. 150.   0.   0.   0.   8.   1.   1.   0.
   0.   8.  59.  17.  15.   7.   3.   6.   6.   0.   3.   7.  75.  21.
   0.   7.  36.   0.   0.   4.  92.   2.   0.   7.  43.   0.   1.   5.
  67.   1.]"
"(958.8350219726562, 902.350341796875, 3.1210615634918213, 358.8531494140625, 0.03990321606397629, 6554623, -1)",0.03990321606397629,"[ 11.   0.   0.   6. 116.   5.   0.   2. 140.  16.   0.   1.  18.   2.
   1.  27. 124.  53.  19.   3.   1.   0.   2.  23.  14.  13.  27.  70.
  62.   7.   1.   2.  22.   1.   0.  12. 127.   8.   0.  11. 140.  14.
   0.   1.  15.   1.  14. 140.  37.  31.  15.   9.   2.   8.  88.  67.
   2.   6.  18.  53.  49.  64.  24.   2.  33.   5.   0.   3. 124.  15.
   0.   2. 140.  38.   1.   1.  14.   2.   4.  37.  63.  10.   5.  22.
   7.  25.  56.  29.   1.   0.   2.  45.  67.  77.  21.   1.  22.   1.
   0.   3.  90.   9.   0.   1. 140.   6.   0.   0.  14.   4.   1.  14.
  96.  11.   0.   0.   3.  11.  30.  20.   3.   2.   0.   0. 102.  73.
  14.   2.]"
